{
    "identifier": "ns15-arti-seki",
    "name": "Articulated Side-Dump Hopper",
    "shared": false,
    "assets": {
        "arti-seki-f": {
            "name": "arti-seki-f",
            "type": "prefab",
            "filename": "arti-seki-f.prefab"
        },
        "arti-seki-m": {
            "name": "arti-seki-m",
            "type": "prefab",
            "filename": "arti-seki-m.prefab"
        },
        "arti-seki-r": {
            "name": "arti-seki-r",
            "type": "prefab",
            "filename": "arti-seki-r.prefab"
        },
        "arti-seki-p": {
            "name": "arti-seki-p",
            "type": "prefab",
            "filename": "arti-seki-p.prefab"
        }
    }
}