{
  "objects": [
    {
      "identifier": "arti-seki2",
      "metadata": {
        "name": "Articulated Side-Dump Hopper (2-car set)",
        "description": "Articulated Side-Dump Hopper (2-car set)",
        "tags": [],
        "credits": "NS15"
      },
      "definition": {
        "kind": "ArticulatedCar",
        "truckIdentifier": "truck.buckeye.edt",
        "pivots": [
          {
            "name": "subBodyF",
            "modelIdentifier": "arti-seki-f",
            "truckIdentifier": null,
            "pivotA": "truckA",
            "offsetA": 0.0,
            "pivotB": "mainPivot",
            "offsetB": 0.5,
            "position": 5.25
          },
          {
            "name": "subBodyR",
            "modelIdentifier": "arti-seki-r",
            "truckIdentifier": null,
            "pivotA": "mainPivot",
            "offsetA": -0.5,
            "pivotB": "truckC",
            "offsetB": 0.0,
            "position": -5.25
          },
          {
            "name": "truckA",
            "modelIdentifier": null,
            "truckIdentifier": "truck.buckeye.edt",
            "pivotA": null,
            "offsetA": 0.0,
            "pivotB": null,
            "offsetB": 0.0,
            "position": 8.75
          },
          {
            "name": "mainPivot",
            "modelIdentifier": "arti-seki-p",
            "truckIdentifier": "truck.buckeye.edt",
            "pivotA": null,
            "offsetA": 0.0,
            "pivotB": null,
            "offsetB": 0.0,
            "position": 0.0
          },
          {
            "name": "truckC",
            "modelIdentifier": null,
            "truckIdentifier": "truck.buckeye.edt",
            "pivotA": null,
            "offsetA": 0.0,
            "pivotB": null,
            "offsetB": 0.0,
            "position": -8.75
          }
        ],
        "endGearPivotF": "subBodyF",
        "endGearPivotR": "subBodyR",
        "modelIdentifier": "arti-seki-maps",
        "carType": "HT",
        "archetype": "HopperOpen",
        "visibleInPlacer": true,
        "basePrice": 2200,
        "baseRoadNumber": "6000",
        "weightEmpty": 110000,
        "loadSlots": [
          {
            "maximumCapacity": 320000.0,
            "loadUnits": "Pounds",
            "requiredLoadIdentifier": ""
          }
        ],
        "truckSeparation": 10.3,
        "length": 20.6,
        "couplerHeight": 0.85,
        "airHosePosition": [
          -0.5,
          1.1,
          0.15
        ],
        "brakeAnimations": [],
        "minimumCurveRadius": "ExtraSmall",
        "components": [
          {
            "kind": "PrefabControl",
            "prefab": "HandbrakeWheel",
            "name": "Front Handbrake",
            "transform": {
              "position": [
                0.66,
                3.18,
                5.02
              ],
              "rotation": [
                0.0,
                -0.7071069,
                0.0,
                0.7071069
              ],
              "scale": [
                0.9,
                0.9,
                0.9
              ]
            },
            "parent": {
              "path": [
                "subBodyF"
              ]
            },
            "enabled": true
          },
          {
            "kind": "PrefabControl",
            "prefab": "HandbrakeWheel",
            "name": "Rear Handbrake",
            "transform": {
              "position": [
                0.66,
                3.18,
                -5.02
              ],
              "rotation": [
                0.0,
                0.7071069,
                0.0,
                0.7071069
              ],
              "scale": [
                0.9,
                0.9,
                0.9
              ]
            },
            "parent": {
              "path": [
                "subBodyR"
              ]
            },
            "enabled": true
          },
          {
            "kind": "Colorizer",
            "hexColors": [
              "2A2A2A",
              "7A453D"
            ],
            "material": {
              "materialName": "Colorable"
            },
            "name": "Colorizer 1",
            "transform": {
              "position": [
                0.0,
                0.0,
                0.0
              ],
              "rotation": [
                0.0,
                0.0,
                0.0,
                1.0
              ],
              "scale": [
                1.0,
                1.0,
                1.0
              ]
            },
            "parent": {
              "path": [
                "mainPivot"
              ]
            },
            "enabled": true
          },
          {
            "kind": "AggregateLoadModel",
            "keyframes": [
              {
                "percentFull": 0.01,
                "size": [
                  2.9,
                  0.5,
                  9.95
                ],
                "position": [
                  0.0,
                  1.2,
                  0.0
                ]
              },
              {
                "percentFull": 100.0,
                "size": [
                  1.0,
                  0.5,
                  1.0
                ],
                "position": [
                  0.0,
                  280.0,
                  0.0
                ]
              }
            ],
            "name": "AggregateLoadModel F",
            "transform": {
              "position": [
                0.0,
                0.0,
                0.0
              ],
              "rotation": [
                0.0,
                0.0,
                0.0,
                1.0
              ],
              "scale": [
                1.0,
                1.0,
                1.0
              ]
            },
            "parent": {
              "path": [
                "subBodyF"
              ]
            },
            "enabled": true
          },
          {
            "kind": "AggregateLoadModel",
            "keyframes": [
              {
                "percentFull": 0.01,
                "size": [
                  2.9,
                  0.5,
                  9.95
                ],
                "position": [
                  0.0,
                  1.2,
                  0.0
                ]
              },
              {
                "percentFull": 100.0,
                "size": [
                  1.0,
                  0.5,
                  1.0
                ],
                "position": [
                  0.0,
                  280.0,
                  0.0
                ]
              }
            ],
            "name": "AggregateLoadModel R",
            "transform": {
              "position": [
                0.0,
                0.0,
                0.0
              ],
              "rotation": [
                0.0,
                0.0,
                0.0,
                1.0
              ],
              "scale": [
                1.0,
                1.0,
                1.0
              ]
            },
            "parent": {
              "path": [
                "subBodyR"
              ]
            },
            "enabled": true
          },
          {
            "kind": "Decal",
            "size": [
              1.0,
              0.3,
              0.05
            ],
            "content": "RoadNumber",
            "forceColor": "",
            "name": "Decal FR",
            "transform": {
              "position": [
                -1.45,
                1.36,
                2.475
              ],
              "rotation": [
                0.0,
                0.707106769,
                0.0,
                0.707106769
              ],
              "scale": [
                1.0,
                1.0,
                1.0
              ]
            },
            "parent": {
              "path": [
                "subBodyF"
              ]
            },
            "enabled": true
          },
          {
            "kind": "Decal",
            "size": [
              1.0,
              0.3,
              0.05
            ],
            "content": "Lettering",
            "forceColor": "",
            "name": "Decal FL",
            "transform": {
              "position": [
                -1.45,
                1.36,
                3.725
              ],
              "rotation": [
                0.0,
                0.707106769,
                0.0,
                0.707106769
              ],
              "scale": [
                1.0,
                1.0,
                1.0
              ]
            },
            "parent": {
              "path": [
                "subBodyF"
              ]
            },
            "enabled": true
          },
          {
            "kind": "Decal",
            "size": [
              1.0,
              0.3,
              0.05
            ],
            "content": "RoadNumber",
            "forceColor": "",
            "name": "Decal RR",
            "transform": {
              "position": [
                1.45,
                1.36,
                -2.475
              ],
              "rotation": [
                0.0,
                0.707106769,
                0.0,
                -0.707106769
              ],
              "scale": [
                1.0,
                1.0,
                1.0
              ]
            },
            "parent": {
              "path": [
                "subBodyR"
              ]
            },
            "enabled": true
          },
          {
            "kind": "Decal",
            "size": [
              1.0,
              0.3,
              0.05
            ],
            "content": "Lettering",
            "forceColor": "",
            "name": "Decal RL",
            "transform": {
              "position": [
                1.45,
                1.36,
                -3.725
              ],
              "rotation": [
                0.0,
                0.707106769,
                0.0,
                -0.707106769
              ],
              "scale": [
                1.0,
                1.0,
                1.0
              ]
            },
            "parent": {
              "path": [
                "subBodyR"
              ]
            },
            "enabled": true
          },
          {
            "kind": "Ladder",
            "height": 3.0,
            "name": "Ladder F",
            "transform": {
              "position": [
                -1.25,
                2.0,
                5.1
              ],
              "rotation": [
                0.0,
                0.0,
                0.0,
                1.0
              ],
              "scale": [
                1.0,
                1.0,
                1.0
              ]
            },
            "parent": {
              "path": [
                "subBodyF"
              ]
            },
            "enabled": true
          },
          {
            "kind": "Ladder",
            "height": 3.0,
            "name": "Ladder R",
            "transform": {
              "position": [
                1.25,
                2.0,
                -5.1
              ],
              "rotation": [
                0.0,
                1.0,
                0.0,
                -4.371139E-08
              ],
              "scale": [
                1.0,
                1.0,
                1.0
              ]
            },
            "parent": {
              "path": [
                "subBodyR"
              ]
            },
            "enabled": true
          }
        ]
      }
    },
    {
      "identifier": "arti-seki13",
      "metadata": {
        "name": "Articulated Side-Dump Hopper (13-car set)",
        "description": "Articulated Side-Dump Hopper (13-car set)",
        "tags": [],
        "credits": "NS15"
      },
      "definition": {
        "kind": "ArticulatedCar",
        "truckIdentifier": "truck.buckeye.edt",
        "pivots": [
          {
            "name": "subBodyF",
            "modelIdentifier": "arti-seki-f",
            "truckIdentifier": null,
            "pivotA": "truck0",
            "offsetA": 0.0,
            "pivotB": "truck1",
            "offsetB": 0.5,
            "position": 63.0
          },
          {
            "name": "subBodyM0",
            "modelIdentifier": "arti-seki-m",
            "truckIdentifier": null,
            "pivotA": "truck1",
            "offsetA": -0.5,
            "pivotB": "truck2",
            "offsetB": 0.0,
            "position": 52.5
          },
          {
            "name": "subBodyM1",
            "modelIdentifier": "arti-seki-m",
            "truckIdentifier": null,
            "pivotA": "truck2",
            "offsetA": -0.5,
            "pivotB": "truck3",
            "offsetB": 0.0,
            "position": 42.0
          },
          {
            "name": "subBodyM2",
            "modelIdentifier": "arti-seki-m",
            "truckIdentifier": null,
            "pivotA": "truck3",
            "offsetA": -0.5,
            "pivotB": "truck4",
            "offsetB": 0.0,
            "position": 31.5
          },
          {
            "name": "subBodyM3",
            "modelIdentifier": "arti-seki-m",
            "truckIdentifier": null,
            "pivotA": "truck4",
            "offsetA": -0.5,
            "pivotB": "truck5",
            "offsetB": 0.0,
            "position": 21.0
          },
          {
            "name": "subBodyM4",
            "modelIdentifier": "arti-seki-m",
            "truckIdentifier": null,
            "pivotA": "truck5",
            "offsetA": -0.5,
            "pivotB": "truck6",
            "offsetB": 0.0,
            "position": 10.5
          },
          {
            "name": "mainPivot",
            "modelIdentifier": "arti-seki-m",
            "truckIdentifier": null,
            "pivotA": "truck6",
            "offsetA": -0.5,
            "pivotB": "truck7",
            "offsetB": 0.0,
            "position": 0.0
          },
          {
            "name": "subBodyM6",
            "modelIdentifier": "arti-seki-m",
            "truckIdentifier": null,
            "pivotA": "truck7",
            "offsetA": -0.5,
            "pivotB": "truck8",
            "offsetB": 0.0,
            "position": -10.5
          },
          {
            "name": "subBodyM7",
            "modelIdentifier": "arti-seki-m",
            "truckIdentifier": null,
            "pivotA": "truck8",
            "offsetA": -0.5,
            "pivotB": "truck9",
            "offsetB": 0.0,
            "position": -21.0
          },
          {
            "name": "subBodyM8",
            "modelIdentifier": "arti-seki-m",
            "truckIdentifier": null,
            "pivotA": "truck9",
            "offsetA": -0.5,
            "pivotB": "truck10",
            "offsetB": 0.0,
            "position": -31.5
          },
          {
            "name": "subBodyM9",
            "modelIdentifier": "arti-seki-m",
            "truckIdentifier": null,
            "pivotA": "truck10",
            "offsetA": -0.5,
            "pivotB": "truck11",
            "offsetB": 0.0,
            "position": -42.0
          },
          {
            "name": "subBodyM10",
            "modelIdentifier": "arti-seki-m",
            "truckIdentifier": null,
            "pivotA": "truck11",
            "offsetA": -0.5,
            "pivotB": "truck12",
            "offsetB": 0.0,
            "position": -52.5
          },
          {
            "name": "subBodyR",
            "modelIdentifier": "arti-seki-r",
            "truckIdentifier": null,
            "pivotA": "truck12",
            "offsetA": -0.5,
            "pivotB": "truck13",
            "offsetB": 0.0,
            "position": -63.0
          },
          {
            "name": "truck0",
            "modelIdentifier": null,
            "truckIdentifier": "truck.buckeye.edt",
            "pivotA": null,
            "offsetA": 0.0,
            "pivotB": null,
            "offsetB": 0.0,
            "position": 66.5
          },
          {
            "name": "truck1",
            "modelIdentifier": "arti-seki-p",
            "truckIdentifier": "truck.buckeye.edt",
            "pivotA": null,
            "offsetA": 0.0,
            "pivotB": null,
            "offsetB": 0.0,
            "position": 57.75
          },
          {
            "name": "truck2",
            "modelIdentifier": "arti-seki-p",
            "truckIdentifier": "truck.buckeye.edt",
            "pivotA": null,
            "offsetA": 0.0,
            "pivotB": null,
            "offsetB": 0.0,
            "position": 47.25
          },
          {
            "name": "truck3",
            "modelIdentifier": "arti-seki-p",
            "truckIdentifier": "truck.buckeye.edt",
            "pivotA": null,
            "offsetA": 0.0,
            "pivotB": null,
            "offsetB": 0.0,
            "position": 36.75
          },
          {
            "name": "truck4",
            "modelIdentifier": "arti-seki-p",
            "truckIdentifier": "truck.buckeye.edt",
            "pivotA": null,
            "offsetA": 0.0,
            "pivotB": null,
            "offsetB": 0.0,
            "position": 26.25
          },
          {
            "name": "truck5",
            "modelIdentifier": "arti-seki-p",
            "truckIdentifier": "truck.buckeye.edt",
            "pivotA": null,
            "offsetA": 0.0,
            "pivotB": null,
            "offsetB": 0.0,
            "position": 15.75
          },
          {
            "name": "truck6",
            "modelIdentifier": "arti-seki-p",
            "truckIdentifier": "truck.buckeye.edt",
            "pivotA": null,
            "offsetA": 0.0,
            "pivotB": null,
            "offsetB": 0.0,
            "position": 5.25
          },
          {
            "name": "truck7",
            "modelIdentifier": "arti-seki-p",
            "truckIdentifier": "truck.buckeye.edt",
            "pivotA": null,
            "offsetA": 0.0,
            "pivotB": null,
            "offsetB": 0.0,
            "position": -5.25
          },
          {
            "name": "truck8",
            "modelIdentifier": "arti-seki-p",
            "truckIdentifier": "truck.buckeye.edt",
            "pivotA": null,
            "offsetA": 0.0,
            "pivotB": null,
            "offsetB": 0.0,
            "position": -15.75
          },
          {
            "name": "truck9",
            "modelIdentifier": "arti-seki-p",
            "truckIdentifier": "truck.buckeye.edt",
            "pivotA": null,
            "offsetA": 0.0,
            "pivotB": null,
            "offsetB": 0.0,
            "position": -26.25
          },
          {
            "name": "truck10",
            "modelIdentifier": "arti-seki-p",
            "truckIdentifier": "truck.buckeye.edt",
            "pivotA": null,
            "offsetA": 0.0,
            "pivotB": null,
            "offsetB": 0.0,
            "position": -36.75
          },
          {
            "name": "truck11",
            "modelIdentifier": "arti-seki-p",
            "truckIdentifier": "truck.buckeye.edt",
            "pivotA": null,
            "offsetA": 0.0,
            "pivotB": null,
            "offsetB": 0.0,
            "position": -47.25
          },
          {
            "name": "truck12",
            "modelIdentifier": "arti-seki-p",
            "truckIdentifier": "truck.buckeye.edt",
            "pivotA": null,
            "offsetA": 0.0,
            "pivotB": null,
            "offsetB": 0.0,
            "position": -57.75
          },
          {
            "name": "truck13",
            "modelIdentifier": null,
            "truckIdentifier": "truck.buckeye.edt",
            "pivotA": null,
            "offsetA": 0.0,
            "pivotB": null,
            "offsetB": 0.0,
            "position": -66.5
          }
        ],
        "endGearPivotF": "subBodyF",
        "endGearPivotR": "subBodyR",
        "modelIdentifier": "arti-seki-maps",
        "carType": "HT",
        "archetype": "HopperOpen",
        "visibleInPlacer": true,
        "basePrice": 2200,
        "baseRoadNumber": "8000",
        "weightEmpty": 715000,
        "loadSlots": [
          {
            "maximumCapacity": 2080000.0,
            "loadUnits": "Pounds",
            "requiredLoadIdentifier": ""
          }
        ],
        "truckSeparation": 68.05,
        "length": 136.1,
        "couplerHeight": 0.85,
        "airHosePosition": [
          -0.5,
          1.1,
          0.15
        ],
        "brakeAnimations": [],
        "minimumCurveRadius": "ExtraSmall",
        "components": [
          {
            "kind": "PrefabControl",
            "prefab": "HandbrakeWheel",
            "name": "Front Handbrake",
            "transform": {
              "position": [
                0.66,
                3.18,
                5.02
              ],
              "rotation": [
                0.0,
                -0.7071069,
                0.0,
                0.7071069
              ],
              "scale": [
                0.9,
                0.9,
                0.9
              ]
            },
            "parent": {
              "path": [
                "subBodyF"
              ]
            },
            "enabled": true
          },
          {
            "kind": "PrefabControl",
            "prefab": "HandbrakeWheel",
            "name": "Rear Handbrake",
            "transform": {
              "position": [
                0.66,
                3.18,
                -5.02
              ],
              "rotation": [
                0.0,
                0.7071069,
                0.0,
                0.7071069
              ],
              "scale": [
                0.9,
                0.9,
                0.9
              ]
            },
            "parent": {
              "path": [
                "subBodyR"
              ]
            },
            "enabled": true
          },
          {
            "kind": "Colorizer",
            "hexColors": [
              "2A2A2A",
              "7A453D"
            ],
            "material": {
              "materialName": "Colorable"
            },
            "name": "Colorizer 1",
            "transform": {
              "position": [
                0.0,
                0.0,
                0.0
              ],
              "rotation": [
                0.0,
                0.0,
                0.0,
                1.0
              ],
              "scale": [
                1.0,
                1.0,
                1.0
              ]
            },
            "parent": {
              "path": [
                "mainPivot"
              ]
            },
            "enabled": true
          },
          {
            "kind": "AggregateLoadModel",
            "keyframes": [
              {
                "percentFull": 0.01,
                "size": [
                  2.9,
                  0.5,
                  9.95
                ],
                "position": [
                  0.0,
                  1.2,
                  0.0
                ]
              },
              {
                "percentFull": 100.0,
                "size": [
                  1.0,
                  0.5,
                  1.0
                ],
                "position": [
                  0.0,
                  280.0,
                  0.0
                ]
              }
            ],
            "name": "AggregateLoadModel F",
            "transform": {
              "position": [
                0.0,
                0.0,
                0.0
              ],
              "rotation": [
                0.0,
                0.0,
                0.0,
                1.0
              ],
              "scale": [
                1.0,
                1.0,
                1.0
              ]
            },
            "parent": {
              "path": [
                "subBodyF"
              ]
            },
            "enabled": true
          },
          {
            "kind": "AggregateLoadModel",
            "keyframes": [
              {
                "percentFull": 0.01,
                "size": [
                  2.9,
                  0.5,
                  9.95
                ],
                "position": [
                  0.0,
                  1.2,
                  0.0
                ]
              },
              {
                "percentFull": 100.0,
                "size": [
                  1.0,
                  0.5,
                  1.0
                ],
                "position": [
                  0.0,
                  280.0,
                  0.0
                ]
              }
            ],
            "name": "AggregateLoadModel M0",
            "transform": {
              "position": [
                0.0,
                0.0,
                0.0
              ],
              "rotation": [
                0.0,
                0.0,
                0.0,
                1.0
              ],
              "scale": [
                1.0,
                1.0,
                1.0
              ]
            },
            "parent": {
              "path": [
                "subBodyM0"
              ]
            },
            "enabled": true
          },
          {
            "kind": "AggregateLoadModel",
            "keyframes": [
              {
                "percentFull": 0.01,
                "size": [
                  2.9,
                  0.5,
                  9.95
                ],
                "position": [
                  0.0,
                  1.2,
                  0.0
                ]
              },
              {
                "percentFull": 100.0,
                "size": [
                  1.0,
                  0.5,
                  1.0
                ],
                "position": [
                  0.0,
                  280.0,
                  0.0
                ]
              }
            ],
            "name": "AggregateLoadModel M1",
            "transform": {
              "position": [
                0.0,
                0.0,
                0.0
              ],
              "rotation": [
                0.0,
                0.0,
                0.0,
                1.0
              ],
              "scale": [
                1.0,
                1.0,
                1.0
              ]
            },
            "parent": {
              "path": [
                "subBodyM1"
              ]
            },
            "enabled": true
          },
          {
            "kind": "AggregateLoadModel",
            "keyframes": [
              {
                "percentFull": 0.01,
                "size": [
                  2.9,
                  0.5,
                  9.95
                ],
                "position": [
                  0.0,
                  1.2,
                  0.0
                ]
              },
              {
                "percentFull": 100.0,
                "size": [
                  1.0,
                  0.5,
                  1.0
                ],
                "position": [
                  0.0,
                  280.0,
                  0.0
                ]
              }
            ],
            "name": "AggregateLoadModel M2",
            "transform": {
              "position": [
                0.0,
                0.0,
                0.0
              ],
              "rotation": [
                0.0,
                0.0,
                0.0,
                1.0
              ],
              "scale": [
                1.0,
                1.0,
                1.0
              ]
            },
            "parent": {
              "path": [
                "subBodyM2"
              ]
            },
            "enabled": true
          },
          {
            "kind": "AggregateLoadModel",
            "keyframes": [
              {
                "percentFull": 0.01,
                "size": [
                  2.9,
                  0.5,
                  9.95
                ],
                "position": [
                  0.0,
                  1.2,
                  0.0
                ]
              },
              {
                "percentFull": 100.0,
                "size": [
                  1.0,
                  0.5,
                  1.0
                ],
                "position": [
                  0.0,
                  280.0,
                  0.0
                ]
              }
            ],
            "name": "AggregateLoadModel M3",
            "transform": {
              "position": [
                0.0,
                0.0,
                0.0
              ],
              "rotation": [
                0.0,
                0.0,
                0.0,
                1.0
              ],
              "scale": [
                1.0,
                1.0,
                1.0
              ]
            },
            "parent": {
              "path": [
                "subBodyM3"
              ]
            },
            "enabled": true
          },
          {
            "kind": "AggregateLoadModel",
            "keyframes": [
              {
                "percentFull": 0.01,
                "size": [
                  2.9,
                  0.5,
                  9.95
                ],
                "position": [
                  0.0,
                  1.2,
                  0.0
                ]
              },
              {
                "percentFull": 100.0,
                "size": [
                  1.0,
                  0.5,
                  1.0
                ],
                "position": [
                  0.0,
                  280.0,
                  0.0
                ]
              }
            ],
            "name": "AggregateLoadModel M4",
            "transform": {
              "position": [
                0.0,
                0.0,
                0.0
              ],
              "rotation": [
                0.0,
                0.0,
                0.0,
                1.0
              ],
              "scale": [
                1.0,
                1.0,
                1.0
              ]
            },
            "parent": {
              "path": [
                "subBodyM4"
              ]
            },
            "enabled": true
          },
          {
            "kind": "AggregateLoadModel",
            "keyframes": [
              {
                "percentFull": 0.01,
                "size": [
                  2.9,
                  0.5,
                  9.95
                ],
                "position": [
                  0.0,
                  1.2,
                  0.0
                ]
              },
              {
                "percentFull": 100.0,
                "size": [
                  1.0,
                  0.5,
                  1.0
                ],
                "position": [
                  0.0,
                  280.0,
                  0.0
                ]
              }
            ],
            "name": "AggregateLoadModel M5",
            "transform": {
              "position": [
                0.0,
                0.0,
                0.0
              ],
              "rotation": [
                0.0,
                0.0,
                0.0,
                1.0
              ],
              "scale": [
                1.0,
                1.0,
                1.0
              ]
            },
            "parent": {
              "path": [
                "mainPivot"
              ]
            },
            "enabled": true
          },
          {
            "kind": "AggregateLoadModel",
            "keyframes": [
              {
                "percentFull": 0.01,
                "size": [
                  2.9,
                  0.5,
                  9.95
                ],
                "position": [
                  0.0,
                  1.2,
                  0.0
                ]
              },
              {
                "percentFull": 100.0,
                "size": [
                  1.0,
                  0.5,
                  1.0
                ],
                "position": [
                  0.0,
                  280.0,
                  0.0
                ]
              }
            ],
            "name": "AggregateLoadModel M6",
            "transform": {
              "position": [
                0.0,
                0.0,
                0.0
              ],
              "rotation": [
                0.0,
                0.0,
                0.0,
                1.0
              ],
              "scale": [
                1.0,
                1.0,
                1.0
              ]
            },
            "parent": {
              "path": [
                "subBodyM6"
              ]
            },
            "enabled": true
          },
          {
            "kind": "AggregateLoadModel",
            "keyframes": [
              {
                "percentFull": 0.01,
                "size": [
                  2.9,
                  0.5,
                  9.95
                ],
                "position": [
                  0.0,
                  1.2,
                  0.0
                ]
              },
              {
                "percentFull": 100.0,
                "size": [
                  1.0,
                  0.5,
                  1.0
                ],
                "position": [
                  0.0,
                  280.0,
                  0.0
                ]
              }
            ],
            "name": "AggregateLoadModel M7",
            "transform": {
              "position": [
                0.0,
                0.0,
                0.0
              ],
              "rotation": [
                0.0,
                0.0,
                0.0,
                1.0
              ],
              "scale": [
                1.0,
                1.0,
                1.0
              ]
            },
            "parent": {
              "path": [
                "subBodyM7"
              ]
            },
            "enabled": true
          },
          {
            "kind": "AggregateLoadModel",
            "keyframes": [
              {
                "percentFull": 0.01,
                "size": [
                  2.9,
                  0.5,
                  9.95
                ],
                "position": [
                  0.0,
                  1.2,
                  0.0
                ]
              },
              {
                "percentFull": 100.0,
                "size": [
                  1.0,
                  0.5,
                  1.0
                ],
                "position": [
                  0.0,
                  280.0,
                  0.0
                ]
              }
            ],
            "name": "AggregateLoadModel M8",
            "transform": {
              "position": [
                0.0,
                0.0,
                0.0
              ],
              "rotation": [
                0.0,
                0.0,
                0.0,
                1.0
              ],
              "scale": [
                1.0,
                1.0,
                1.0
              ]
            },
            "parent": {
              "path": [
                "subBodyM8"
              ]
            },
            "enabled": true
          },
          {
            "kind": "AggregateLoadModel",
            "keyframes": [
              {
                "percentFull": 0.01,
                "size": [
                  2.9,
                  0.5,
                  9.95
                ],
                "position": [
                  0.0,
                  1.2,
                  0.0
                ]
              },
              {
                "percentFull": 100.0,
                "size": [
                  1.0,
                  0.5,
                  1.0
                ],
                "position": [
                  0.0,
                  280.0,
                  0.0
                ]
              }
            ],
            "name": "AggregateLoadModel M9",
            "transform": {
              "position": [
                0.0,
                0.0,
                0.0
              ],
              "rotation": [
                0.0,
                0.0,
                0.0,
                1.0
              ],
              "scale": [
                1.0,
                1.0,
                1.0
              ]
            },
            "parent": {
              "path": [
                "subBodyM9"
              ]
            },
            "enabled": true
          },
          {
            "kind": "AggregateLoadModel",
            "keyframes": [
              {
                "percentFull": 0.01,
                "size": [
                  2.9,
                  0.5,
                  9.95
                ],
                "position": [
                  0.0,
                  1.2,
                  0.0
                ]
              },
              {
                "percentFull": 100.0,
                "size": [
                  1.0,
                  0.5,
                  1.0
                ],
                "position": [
                  0.0,
                  280.0,
                  0.0
                ]
              }
            ],
            "name": "AggregateLoadModel M10",
            "transform": {
              "position": [
                0.0,
                0.0,
                0.0
              ],
              "rotation": [
                0.0,
                0.0,
                0.0,
                1.0
              ],
              "scale": [
                1.0,
                1.0,
                1.0
              ]
            },
            "parent": {
              "path": [
                "subBodyM10"
              ]
            },
            "enabled": true
          },
          {
            "kind": "AggregateLoadModel",
            "keyframes": [
              {
                "percentFull": 0.01,
                "size": [
                  2.9,
                  0.5,
                  9.95
                ],
                "position": [
                  0.0,
                  1.2,
                  0.0
                ]
              },
              {
                "percentFull": 100.0,
                "size": [
                  1.0,
                  0.5,
                  1.0
                ],
                "position": [
                  0.0,
                  280.0,
                  0.0
                ]
              }
            ],
            "name": "AggregateLoadModel R",
            "transform": {
              "position": [
                0.0,
                0.0,
                0.0
              ],
              "rotation": [
                0.0,
                0.0,
                0.0,
                1.0
              ],
              "scale": [
                1.0,
                1.0,
                1.0
              ]
            },
            "parent": {
              "path": [
                "subBodyR"
              ]
            },
            "enabled": true
          },
          {
            "kind": "Decal",
            "size": [
              1.0,
              0.3,
              0.05
            ],
            "content": "RoadNumber",
            "forceColor": "",
            "name": "Decal FR",
            "transform": {
              "position": [
                -1.45,
                1.36,
                2.475
              ],
              "rotation": [
                0.0,
                0.707106769,
                0.0,
                0.707106769
              ],
              "scale": [
                1.0,
                1.0,
                1.0
              ]
            },
            "parent": {
              "path": [
                "subBodyF"
              ]
            },
            "enabled": true
          },
          {
            "kind": "Decal",
            "size": [
              1.0,
              0.3,
              0.05
            ],
            "content": "Lettering",
            "forceColor": "",
            "name": "Decal FL",
            "transform": {
              "position": [
                -1.45,
                1.36,
                3.725
              ],
              "rotation": [
                0.0,
                0.707106769,
                0.0,
                0.707106769
              ],
              "scale": [
                1.0,
                1.0,
                1.0
              ]
            },
            "parent": {
              "path": [
                "subBodyF"
              ]
            },
            "enabled": true
          },
          {
            "kind": "Decal",
            "size": [
              1.0,
              0.3,
              0.05
            ],
            "content": "RoadNumber",
            "forceColor": "",
            "name": "Decal RR",
            "transform": {
              "position": [
                1.45,
                1.36,
                -2.475
              ],
              "rotation": [
                0.0,
                0.707106769,
                0.0,
                -0.707106769
              ],
              "scale": [
                1.0,
                1.0,
                1.0
              ]
            },
            "parent": {
              "path": [
                "subBodyR"
              ]
            },
            "enabled": true
          },
          {
            "kind": "Decal",
            "size": [
              1.0,
              0.3,
              0.05
            ],
            "content": "Lettering",
            "forceColor": "",
            "name": "Decal RL",
            "transform": {
              "position": [
                1.45,
                1.36,
                -3.725
              ],
              "rotation": [
                0.0,
                0.707106769,
                0.0,
                -0.707106769
              ],
              "scale": [
                1.0,
                1.0,
                1.0
              ]
            },
            "parent": {
              "path": [
                "subBodyR"
              ]
            },
            "enabled": true
          },
          {
            "kind": "Ladder",
            "height": 3.0,
            "name": "Ladder F",
            "transform": {
              "position": [
                -1.25,
                2.0,
                5.1
              ],
              "rotation": [
                0.0,
                0.0,
                0.0,
                1.0
              ],
              "scale": [
                1.0,
                1.0,
                1.0
              ]
            },
            "parent": {
              "path": [
                "subBodyF"
              ]
            },
            "enabled": true
          },
          {
            "kind": "Ladder",
            "height": 3.0,
            "name": "Ladder R",
            "transform": {
              "position": [
                1.25,
                2.0,
                -5.1
              ],
              "rotation": [
                0.0,
                1.0,
                0.0,
                -4.371139E-08
              ],
              "scale": [
                1.0,
                1.0,
                1.0
              ]
            },
            "parent": {
              "path": [
                "subBodyR"
              ]
            },
            "enabled": true
          }
        ]
      }
    }
  ]
}